epoch,kl_loss,loss,prop_loss,recon_loss,sg_loss,total_loss,val_kl_loss,val_loss,val_prop_loss,val_recon_loss,val_sg_loss,val_total_loss,val_wyckoff_formula_loss,wyckoff_formula_loss
0,111.87664794921875,1186.6005859375,179.1612091064453,360.70220947265625,215.3011932373047,1184.42724609375,0.9759268760681152,1551.11279296875,321.3514099121094,820.2788696289062,212.53369140625,1549.0023193359375,193.8624267578125,317.38580322265625
1,10.77527141571045,499.6939392089844,60.2122802734375,110.29412078857422,163.3651885986328,497.6378173828125,2.483992576599121,1154.2698974609375,165.60813903808594,613.5641479492188,178.0154571533203,1152.2608642578125,192.5891571044922,152.99099731445312
